[{"name":"json_to_form","qualifiedName":"json_to_form","href":"json_to_form/json_to_form-library.html","type":"library","overriddenDepth":0},{"name":"CoreForm","qualifiedName":"json_to_form.CoreForm","href":"json_to_form/CoreForm-class.html","type":"class","overriddenDepth":0,"enclosedBy":{"name":"json_to_form","type":"library"}},{"name":"CoreForm","qualifiedName":"json_to_form.CoreForm","href":"json_to_form/CoreForm/CoreForm.html","type":"constructor","overriddenDepth":0,"enclosedBy":{"name":"CoreForm","type":"class"}},{"name":"operator ==","qualifiedName":"json_to_form.CoreForm.==","href":"json_to_form/CoreForm/operator_equals.html","type":"method","overriddenDepth":0,"enclosedBy":{"name":"CoreForm","type":"class"}},{"name":"createElement","qualifiedName":"json_to_form.CoreForm.createElement","href":"json_to_form/CoreForm/createElement.html","type":"method","overriddenDepth":1,"enclosedBy":{"name":"CoreForm","type":"class"}},{"name":"createState","qualifiedName":"json_to_form.CoreForm.createState","href":"json_to_form/CoreForm/createState.html","type":"method","overriddenDepth":1,"enclosedBy":{"name":"CoreForm","type":"class"}},{"name":"debugDescribeChildren","qualifiedName":"json_to_form.CoreForm.debugDescribeChildren","href":"json_to_form/CoreForm/debugDescribeChildren.html","type":"method","overriddenDepth":0,"enclosedBy":{"name":"CoreForm","type":"class"}},{"name":"debugFillProperties","qualifiedName":"json_to_form.CoreForm.debugFillProperties","href":"json_to_form/CoreForm/debugFillProperties.html","type":"method","overriddenDepth":1,"enclosedBy":{"name":"CoreForm","type":"class"}},{"name":"form","qualifiedName":"json_to_form.CoreForm.form","href":"json_to_form/CoreForm/form.html","type":"property","overriddenDepth":0,"enclosedBy":{"name":"CoreForm","type":"class"}},{"name":"form_map","qualifiedName":"json_to_form.CoreForm.form_map","href":"json_to_form/CoreForm/form_map.html","type":"property","overriddenDepth":0,"enclosedBy":{"name":"CoreForm","type":"class"}},{"name":"hashCode","qualifiedName":"json_to_form.CoreForm.hashCode","href":"json_to_form/CoreForm/hashCode.html","type":"property","overriddenDepth":0,"enclosedBy":{"name":"CoreForm","type":"class"}},{"name":"key","qualifiedName":"json_to_form.CoreForm.key","href":"json_to_form/CoreForm/key.html","type":"property","overriddenDepth":0,"enclosedBy":{"name":"CoreForm","type":"class"}},{"name":"noSuchMethod","qualifiedName":"json_to_form.CoreForm.noSuchMethod","href":"json_to_form/CoreForm/noSuchMethod.html","type":"method","overriddenDepth":0,"enclosedBy":{"name":"CoreForm","type":"class"}},{"name":"onChanged","qualifiedName":"json_to_form.CoreForm.onChanged","href":"json_to_form/CoreForm/onChanged.html","type":"property","overriddenDepth":0,"enclosedBy":{"name":"CoreForm","type":"class"}},{"name":"padding","qualifiedName":"json_to_form.CoreForm.padding","href":"json_to_form/CoreForm/padding.html","type":"property","overriddenDepth":0,"enclosedBy":{"name":"CoreForm","type":"class"}},{"name":"runtimeType","qualifiedName":"json_to_form.CoreForm.runtimeType","href":"json_to_form/CoreForm/runtimeType.html","type":"property","overriddenDepth":0,"enclosedBy":{"name":"CoreForm","type":"class"}},{"name":"toDiagnosticsNode","qualifiedName":"json_to_form.CoreForm.toDiagnosticsNode","href":"json_to_form/CoreForm/toDiagnosticsNode.html","type":"method","overriddenDepth":1,"enclosedBy":{"name":"CoreForm","type":"class"}},{"name":"toString","qualifiedName":"json_to_form.CoreForm.toString","href":"json_to_form/CoreForm/toString.html","type":"method","overriddenDepth":1,"enclosedBy":{"name":"CoreForm","type":"class"}},{"name":"toStringDeep","qualifiedName":"json_to_form.CoreForm.toStringDeep","href":"json_to_form/CoreForm/toStringDeep.html","type":"method","overriddenDepth":0,"enclosedBy":{"name":"CoreForm","type":"class"}},{"name":"toStringShallow","qualifiedName":"json_to_form.CoreForm.toStringShallow","href":"json_to_form/CoreForm/toStringShallow.html","type":"method","overriddenDepth":0,"enclosedBy":{"name":"CoreForm","type":"class"}},{"name":"toStringShort","qualifiedName":"json_to_form.CoreForm.toStringShort","href":"json_to_form/CoreForm/toStringShort.html","type":"method","overriddenDepth":2,"enclosedBy":{"name":"CoreForm","type":"class"}}]
